Feature/Capability,Google Drive/Dropbox,Canva,Enterprise DAM (Bynder/Brandfolder),Proposed BrandForge Solution
Initial Setup Complexity,Very Simple,Simple,Complex,Simple â†’ Complex
Cost for Solo Founders,Low ($5-15),Medium ($15-30),Very High ($400-1000),Affordable ($29-99)
Content Generation Features,None,Templates only,Limited,AI-powered generation
Brand Voice Training,No,Limited,Advanced,Learns brand voice
Progressive Complexity,No,Limited,No (enterprise-focused),Yes (core feature)
Template Library,Basic folders,Extensive templates,Custom templates,Grows with user
AI Integration,None,Basic,Advanced,Advanced & contextual
Multi-format Content Creation,Manual only,Design-focused,Limited,Multi-platform focused
Workflow Automation,None,None,Advanced,Progressive automation
Team Scalability,Good,Limited,Excellent,Scales from solo to team
Asset Organization,Basic folders,Template categories,Advanced taxonomy,Smart categorization
Version Control,Basic,Basic,Advanced,Automated versioning
Analytics & Insights,None,Basic usage stats,Comprehensive,Progressive insights
Learning Curve,Low,Low,High,Adaptive learning
Monthly Pricing Range,$5-15,$15-30,$400-1000,$29-99
